{"train/loss": 1.5982, "train/learning_rate": 1.5281757402101243e-07, "train/epoch": 3.0, "train/global_step": 12864, "_timestamp": 1699137913.9525685, "_runtime": 32708.305485486984, "_step": 140, "eval/loss": 1.5121101140975952, "eval/runtime": 196.4009, "eval/samples_per_second": 147.092, "eval/steps_per_second": 4.598, "train/train_runtime": 32683.9207, "train/train_samples_per_second": 50.381, "train/train_steps_per_second": 0.394, "train/total_flos": 1.0026954476067226e+18, "train/train_loss": 1.6241817094793367, "_wandb": {"runtime": 32701}}