{"train/loss": 1.3938, "train/learning_rate": 1.528175740210124e-06, "train/epoch": 3.0, "train/global_step": 12864, "_timestamp": 1699083758.564994, "_runtime": 32817.32914018631, "_step": 140, "eval/loss": 1.4067612886428833, "eval/runtime": 194.3705, "eval/samples_per_second": 148.628, "eval/steps_per_second": 4.646, "train/train_runtime": 32819.4734, "train/train_samples_per_second": 50.173, "train/train_steps_per_second": 0.392, "train/total_flos": 1.0026954476067226e+18, "train/train_loss": 1.488338551118006, "_wandb": {"runtime": 32816}}